,Feature 1,Feature 2
86,pixel_original_glcm_Autocorrelation_scale_None_channel_1_mean,pixel_original_glcm_Autocorrelation_scale_None_channel_1_lognorm_fit_p2
87,pixel_original_glcm_Autocorrelation_scale_None_channel_1_lognorm_fit_p2,pixel_original_glcm_Autocorrelation_scale_None_channel_1_mean
88,pixel_original_glcm_Autocorrelation_scale_None_channel_1_variance,pixel_original_glcm_Autocorrelation_scale_None_channel_1_mean
89,pixel_original_glcm_Autocorrelation_scale_None_channel_1_mean,pixel_original_glcm_Autocorrelation_scale_None_channel_1_variance
90,pixel_original_glcm_None_scale_None_channel_1_mean,pixel_original_glcm_Autocorrelation_scale_None_channel_1_mean
91,pixel_original_glcm_Autocorrelation_scale_None_channel_1_mean,pixel_original_glcm_None_scale_None_channel_1_mean
92,pixel_original_glcm_Autocorrelation_scale_None_channel_1_mean,pixel_original_glcm_None_scale_None_channel_1_variance
93,pixel_original_glcm_None_scale_None_channel_1_variance,pixel_original_glcm_Autocorrelation_scale_None_channel_1_mean
94,pixel_original_glcm_Autocorrelation_scale_None_channel_1_variance,pixel_original_glcm_None_scale_None_channel_1_variance
95,pixel_original_glcm_None_scale_None_channel_1_variance,pixel_original_glcm_Autocorrelation_scale_None_channel_1_variance
96,pixel_original_glcm_None_scale_None_channel_1_lognorm_fit_p2,pixel_original_glcm_Autocorrelation_scale_None_channel_1_lognorm_fit_p2
97,pixel_original_glcm_Autocorrelation_scale_None_channel_1_lognorm_fit_p2,pixel_original_glcm_None_scale_None_channel_1_lognorm_fit_p2
98,pixel_original_glcm_None_scale_None_channel_1_variance,pixel_original_glcm_None_scale_None_channel_1_mean
99,pixel_original_glcm_None_scale_None_channel_1_mean,pixel_original_glcm_None_scale_None_channel_1_variance
100,pixel_original_glcm_None_scale_None_channel_1_lognorm_fit_p2,pixel_original_glcm_Autocorrelation_scale_None_channel_1_mean
101,pixel_original_glcm_Autocorrelation_scale_None_channel_1_mean,pixel_original_glcm_None_scale_None_channel_1_lognorm_fit_p2
102,pixel_original_glcm_None_scale_None_channel_1_mean,pixel_original_glcm_Autocorrelation_scale_None_channel_1_lognorm_fit_p2
103,pixel_original_glcm_Autocorrelation_scale_None_channel_1_lognorm_fit_p2,pixel_original_glcm_None_scale_None_channel_1_mean
104,pixel_original_glcm_Autocorrelation_scale_None_channel_1_skewness,pixel_original_glcm_None_scale_None_channel_1_skewness
105,pixel_original_glcm_None_scale_None_channel_1_skewness,pixel_original_glcm_Autocorrelation_scale_None_channel_1_skewness
106,pixel_original_glcm_Autocorrelation_scale_None_channel_1_skewness,pixel_original_glcm_None_scale_None_channel_1_kurtosis
107,pixel_original_glcm_None_scale_None_channel_1_kurtosis,pixel_original_glcm_Autocorrelation_scale_None_channel_1_skewness
108,pixel_original_glcm_Autocorrelation_scale_None_channel_1_lognorm_fit_p0,pixel_original_glcm_None_scale_None_channel_1_mean
109,pixel_original_glcm_None_scale_None_channel_1_mean,pixel_original_glcm_Autocorrelation_scale_None_channel_1_lognorm_fit_p0
110,pixel_original_glcm_None_scale_None_channel_1_lognorm_fit_p2,pixel_original_glcm_None_scale_None_channel_1_variance
111,pixel_original_glcm_None_scale_None_channel_1_variance,pixel_original_glcm_None_scale_None_channel_1_lognorm_fit_p2
112,pixel_original_glcm_None_scale_None_channel_1_kurtosis,pixel_original_glcm_Autocorrelation_scale_None_channel_1_kurtosis
113,pixel_original_glcm_Autocorrelation_scale_None_channel_1_kurtosis,pixel_original_glcm_None_scale_None_channel_1_kurtosis
114,pixel_original_glcm_None_scale_None_channel_1_lognorm_fit_p0,pixel_original_glcm_Autocorrelation_scale_None_channel_1_lognorm_fit_p0
115,pixel_original_glcm_Autocorrelation_scale_None_channel_1_lognorm_fit_p0,pixel_original_glcm_None_scale_None_channel_1_lognorm_fit_p0
116,pixel_original_glcm_Autocorrelation_scale_None_channel_1_lognorm_fit_p2,pixel_original_glcm_Autocorrelation_scale_None_channel_1_variance
117,pixel_original_glcm_Autocorrelation_scale_None_channel_1_variance,pixel_original_glcm_Autocorrelation_scale_None_channel_1_lognorm_fit_p2
118,pixel_original_glcm_Autocorrelation_scale_None_channel_1_variance,pixel_original_glcm_None_scale_None_channel_1_mean
119,pixel_original_glcm_None_scale_None_channel_1_mean,pixel_original_glcm_Autocorrelation_scale_None_channel_1_variance
120,pixel_original_glcm_Autocorrelation_scale_None_channel_1_lognorm_fit_p2,pixel_original_glcm_None_scale_None_channel_1_variance
121,pixel_original_glcm_None_scale_None_channel_1_variance,pixel_original_glcm_Autocorrelation_scale_None_channel_1_lognorm_fit_p2
122,pixel_original_glcm_None_scale_None_channel_1_lognorm_fit_p2,pixel_original_glcm_Autocorrelation_scale_None_channel_1_lognorm_fit_p0
123,pixel_original_glcm_Autocorrelation_scale_None_channel_1_lognorm_fit_p0,pixel_original_glcm_None_scale_None_channel_1_lognorm_fit_p2
124,pixel_original_glcm_None_scale_None_channel_1_variance,pixel_original_glcm_Autocorrelation_scale_None_channel_1_lognorm_fit_p0
125,pixel_original_glcm_Autocorrelation_scale_None_channel_1_lognorm_fit_p0,pixel_original_glcm_None_scale_None_channel_1_variance
126,pixel_original_glcm_None_scale_None_channel_1_skewness,pixel_original_glcm_None_scale_None_channel_1_kurtosis
127,pixel_original_glcm_None_scale_None_channel_1_kurtosis,pixel_original_glcm_None_scale_None_channel_1_skewness
128,pixel_original_glcm_Autocorrelation_scale_None_channel_1_skewness,pixel_original_glcm_Autocorrelation_scale_None_channel_1_kurtosis
129,pixel_original_glcm_Autocorrelation_scale_None_channel_1_kurtosis,pixel_original_glcm_Autocorrelation_scale_None_channel_1_skewness
130,pixel_original_glcm_None_scale_None_channel_1_lognorm_fit_p2,pixel_original_glcm_Autocorrelation_scale_None_channel_1_variance
131,pixel_original_glcm_Autocorrelation_scale_None_channel_1_variance,pixel_original_glcm_None_scale_None_channel_1_lognorm_fit_p2
132,pixel_original_glcm_Autocorrelation_scale_None_channel_1_mean,pixel_original_glcm_Autocorrelation_scale_None_channel_1_lognorm_fit_p0
133,pixel_original_glcm_Autocorrelation_scale_None_channel_1_lognorm_fit_p0,pixel_original_glcm_Autocorrelation_scale_None_channel_1_mean
134,pixel_original_glcm_None_scale_None_channel_1_mean,js_pdl1_score
135,js_pdl1_score,pixel_original_glcm_None_scale_None_channel_1_mean
136,clinical_pdl1_score,js_pdl1_score
137,js_pdl1_score,clinical_pdl1_score
138,js_pdl1_score,pixel_original_glcm_None_scale_None_channel_1_lognorm_fit_p2
139,pixel_original_glcm_None_scale_None_channel_1_lognorm_fit_p2,js_pdl1_score
140,pixel_original_glcm_Autocorrelation_scale_None_channel_1_lognorm_fit_p0,js_pdl1_score
141,js_pdl1_score,pixel_original_glcm_Autocorrelation_scale_None_channel_1_lognorm_fit_p0
142,XRayTubeCurrent_max,XRayTubeCurrent_range
143,XRayTubeCurrent_range,XRayTubeCurrent_max
144,pixel_original_glcm_None_scale_None_channel_1_variance,js_pdl1_score
145,js_pdl1_score,pixel_original_glcm_None_scale_None_channel_1_variance
